{"cameraMode":{"drawMode":0,"name":"Shaded","section":"Shading Mode"},"sceneLighting":false,"audioPlay":false,"sceneViewState":{"m_AlwaysRefresh":false,"showFog":true,"showSkybox":false,"showFlares":true,"showImageEffects":true,"showParticleSystems":true,"showVisualEffectGraphs":true,"m_FxEnabled":true},"in2DMode":false,"pivot":{"x":1.5582880973815919,"y":1.8443771600723267,"z":1.0860425233840943},"rotation":{"x":0.14313560724258424,"y":-0.13023777306079865,"z":0.019004598259925844,"w":0.9809122085571289},"size":4.328144073486328,"orthographic":true}