{"cameraMode":{"drawMode":0,"name":"Shaded","section":"Shading Mode"},"sceneLighting":true,"audioPlay":false,"sceneViewState":{"m_AlwaysRefresh":false,"showFog":true,"showSkybox":true,"showFlares":true,"showImageEffects":true,"showParticleSystems":true,"showVisualEffectGraphs":true,"m_FxEnabled":true},"in2DMode":false,"pivot":{"x":2.9164891242980959,"y":2.558075428009033,"z":2.3061678409576418},"rotation":{"x":0.28188589215278628,"y":-0.43784865736961367,"z":0.1467466950416565,"w":0.8410239815711975},"size":19.55398178100586,"orthographic":true}