{"cameraMode":{"drawMode":0,"name":"Shaded","section":"Shading Mode"},"sceneLighting":true,"audioPlay":false,"sceneViewState":{"m_AlwaysRefresh":false,"showFog":true,"showSkybox":true,"showFlares":true,"showImageEffects":true,"showParticleSystems":true,"showVisualEffectGraphs":true,"m_FxEnabled":true},"in2DMode":false,"pivot":{"x":2.9164891242980959,"y":2.558075428009033,"z":2.3061678409576418},"rotation":{"x":0.14313560724258424,"y":-0.13023777306079865,"z":0.019004598259925844,"w":0.9809122085571289},"size":10.598959922790528,"orthographic":true}