{"cameraMode":{"drawMode":0,"name":"Shaded","section":"Shading Mode"},"sceneLighting":true,"audioPlay":false,"sceneViewState":{"m_AlwaysRefresh":false,"showFog":true,"showSkybox":true,"showFlares":true,"showImageEffects":true,"showParticleSystems":true,"showVisualEffectGraphs":true,"m_FxEnabled":true},"in2DMode":false,"pivot":{"x":2.9164891242980959,"y":2.558075428009033,"z":2.3061678409576418},"rotation":{"x":0.24823909997940064,"y":-0.3476753830909729,"z":0.09599489718675614,"w":0.8990516662597656},"size":16.66041374206543,"orthographic":true}