{"cameraMode":{"drawMode":0,"name":"Shaded","section":"Shading Mode"},"sceneLighting":true,"audioPlay":false,"sceneViewState":{"m_AlwaysRefresh":false,"showFog":true,"showSkybox":true,"showFlares":true,"showImageEffects":true,"showParticleSystems":true,"showVisualEffectGraphs":true,"m_FxEnabled":true},"in2DMode":false,"pivot":{"x":10.515859603881836,"y":1.9017915725708008,"z":-4.423203945159912},"rotation":{"x":0.14313560724258424,"y":-0.13023777306079865,"z":0.019004598259925844,"w":0.9809122085571289},"size":4.685001850128174,"orthographic":true}