{"cameraMode":{"drawMode":0,"name":"Shaded","section":"Shading Mode"},"sceneLighting":true,"audioPlay":false,"sceneViewState":{"m_AlwaysRefresh":false,"showFog":true,"showSkybox":true,"showFlares":true,"showImageEffects":true,"showParticleSystems":true,"showVisualEffectGraphs":true,"m_FxEnabled":true},"in2DMode":false,"pivot":{"x":18.46974754333496,"y":29.66397476196289,"z":12.815216064453125},"rotation":{"x":-0.039666760712862018,"y":0.9521433115005493,"z":-0.26845088601112368,"w":-0.14068861305713654},"size":34.72112274169922,"orthographic":false}