{"cameraMode":{"drawMode":0,"name":"Shaded","section":"Shading Mode"},"sceneLighting":false,"audioPlay":false,"sceneViewState":{"m_AlwaysRefresh":false,"showFog":true,"showSkybox":false,"showFlares":true,"showImageEffects":true,"showParticleSystems":true,"showVisualEffectGraphs":true,"m_FxEnabled":true},"in2DMode":false,"pivot":{"x":-6.860000133514404,"y":0.8700000047683716,"z":2.4543914794921877},"rotation":{"x":0.22384943068027497,"y":-0.03361671417951584,"z":0.007725223433226347,"w":0.974016547203064},"size":1.1383018493652344,"orthographic":true}